Applicant_Income,Coapplicant_Income,Loan_Amount,Credit_History,CIBIL_Score,Employment_Status,Existing_EMIs,Debt_to_Income_Ratio,Education,Property_Area,Loan_Status
56976,0,8031545,1,699,1,5610,0.098,0,2,0
1856,0,899361,1,707,3,9166,4.939,0,0,1
64553,0,2387748,1,641,1,0,0.0,0,0,0
88450,0,658856,1,677,1,26613,0.301,0,1,0
9539,0,198671,0,594,2,0,0.0,0,1,0
39184,0,494949,1,682,1,18373,0.469,0,0,0
81223,0,1565649,1,693,1,52446,0.646,1,1,0
0,0,5879217,1,723,3,712,712.0,0,1,1
17675,0,1015184,0,593,3,27513,1.557,0,2,1
71409,0,128951,0,538,1,0,0.0,0,0,0
25553,21419,974613,0,659,2,23520,0.501,1,1,1
38126,0,846670,1,773,1,22545,0.591,0,0,0
63115,0,6941488,1,811,1,17521,0.278,0,0,0
17960,17074,287671,0,598,2,0,0.0,1,2,0
53684,0,8195681,1,716,0,38162,0.711,1,2,0
56092,57453,347497,1,719,1,18724,0.165,0,2,0
29319,0,1545607,0,604,1,22783,0.777,0,0,1
10609,0,180121,0,637,2,0,0.0,0,2,1
38270,28204,3411529,1,699,1,46922,0.706,1,1,1
43293,51761,7633475,1,759,1,0,0.0,1,1,0
48611,0,52825,1,729,1,44997,0.926,0,2,0
15509,0,342795,1,609,2,32027,2.065,0,2,1
56486,60769,5670008,0,577,2,948,0.008,0,2,0
97735,0,1673966,0,715,1,33157,0.339,0,2,0
45050,0,395365,1,797,1,54940,1.22,0,0,1
34900,0,4044564,1,638,1,8618,0.247,1,2,0
9381,0,319925,1,669,2,18637,1.987,1,0,1
3000,0,73556,0,486,2,20619,6.873,1,2,1
54597,0,320019,1,737,1,16114,0.295,0,0,0
43481,0,2982596,0,564,1,1897,0.044,0,1,1
89792,53231,5329197,0,673,1,11321,0.079,0,0,1
22973,19443,365226,1,746,1,0,0.0,1,1,0
92535,0,317539,0,758,1,0,0.0,0,1,0
39270,0,4525695,1,633,2,31131,0.793,0,1,1
55899,0,5698029,1,636,1,0,0.0,0,2,0
33527,0,2059790,1,686,1,36615,1.092,0,0,1
28605,0,1896751,0,522,1,43883,1.534,0,1,1
33983,0,210899,0,562,2,44067,1.297,0,1,1
23543,0,1554318,0,579,0,12435,0.528,1,0,1
129184,0,3912394,1,663,1,26676,0.206,0,2,0
3000,0,1962548,1,686,2,31409,10.47,0,0,1
60010,0,4336408,1,637,1,18794,0.313,0,1,0
30506,11887,4606884,0,570,0,0,0.0,1,2,0
48860,0,5730018,1,643,1,16484,0.337,0,1,0
62285,4323,1261833,0,555,1,54256,0.815,0,1,1
27205,0,4192441,1,781,1,13277,0.488,0,2,0
52863,0,490029,1,674,1,49719,0.941,1,0,0
53000,0,376708,1,842,1,35626,0.672,1,2,0
91498,0,1310257,1,616,1,12853,0.14,1,2,0
47655,0,367306,1,757,1,0,0.0,0,0,0
92893,0,454376,1,696,1,16355,0.176,0,1,0
1519,0,492593,0,687,3,21152,13.925,1,2,1
80579,0,438846,1,718,1,7715,0.096,0,0,0
94207,0,618302,1,740,1,14601,0.155,0,1,0
27646,27412,1816200,1,617,3,13672,0.248,0,0,0
23796,0,418580,0,580,2,0,0.0,1,2,0
33925,0,635540,1,696,1,3928,0.116,1,2,0
31372,0,501237,1,748,2,0,0.0,0,0,0
121176,91769,1633540,1,619,2,11950,0.056,0,0,0
39035,0,2666302,1,727,1,1638,0.042,1,1,0
68621,67270,5165284,1,684,2,6758,0.05,1,1,0
25617,7861,2894984,1,706,2,24412,0.729,0,0,0
30088,16580,3694530,1,655,1,0,0.0,0,2,0
45832,0,1884,1,657,2,9485,0.207,1,0,0
81379,54960,305955,0,525,1,0,0.0,0,0,0
29274,0,880680,1,602,1,4770,0.163,0,0,0
65720,23603,354673,0,597,2,6516,0.073,0,0,0
66933,0,8589894,0,561,2,2804,0.042,0,1,0
36203,0,12674597,1,789,1,52226,1.443,0,2,0
52935,0,95162,1,634,2,52081,0.984,0,0,0
15273,17887,319981,1,633,3,17919,0.54,0,2,0
5000,4768,313398,1,712,1,25318,2.592,1,2,1
53105,32609,587708,0,583,2,19196,0.224,0,0,0
53066,66325,1208188,1,722,1,0,0.0,0,1,0
21455,0,1014230,1,669,1,0,0.0,0,2,0
36438,0,537477,1,680,1,66791,1.833,0,1,1
40206,0,577589,0,665,1,0,0.0,0,0,0
38127,0,368522,1,717,1,19401,0.509,0,2,0
12104,0,1240453,1,615,3,32773,2.708,0,0,1
0,0,1331178,1,731,3,16401,16401.0,0,0,1
71887,0,2103506,0,727,1,15603,0.217,0,2,0
112111,0,797002,1,692,1,20958,0.187,0,2,0
5000,0,1843844,1,707,1,30377,6.075,1,2,1
3000,0,9232797,0,663,2,19134,6.378,1,2,1
28345,0,405613,0,527,1,24773,0.874,0,0,1
7914,0,477651,1,619,1,52827,6.675,0,2,1
89966,0,880759,0,772,1,0,0.0,0,2,0
101852,0,116123,1,733,1,20837,0.205,0,0,0
7607,5711,294147,1,739,3,0,0.0,1,2,0
62582,17966,1760927,1,717,2,32709,0.406,0,0,0
62827,0,1680583,0,595,1,17904,0.285,0,1,0
3000,884,7488424,1,654,2,11123,2.864,1,1,1
21109,0,5195804,1,625,1,1105,0.052,1,0,0
45652,0,75912,1,710,1,0,0.0,1,2,0
60198,0,275004,0,576,1,3989,0.066,0,1,0
8922,4127,1585878,1,630,0,17269,1.323,1,0,0
69615,29461,1163926,1,615,1,11165,0.113,1,0,0
99781,0,4690235,0,631,1,0,0.0,1,0,1
83511,0,2303560,1,680,2,23992,0.287,0,1,0
3000,1812,336988,0,553,2,20718,4.305,1,0,1
82923,0,9177416,0,579,1,38505,0.464,0,2,1
106418,50764,4746311,1,750,1,1554,0.01,0,2,0
32371,0,389347,1,694,2,28239,0.872,0,0,0
13956,0,1768962,1,612,3,32155,2.304,0,1,1
86493,0,160307,1,703,1,0,0.0,0,2,0
74888,33902,308053,1,633,1,21234,0.195,0,0,0
43718,58043,1539936,1,755,0,19872,0.195,0,0,0
98367,0,7028930,1,652,1,12252,0.125,0,1,0
7781,0,4198231,1,678,3,15877,2.04,1,2,1
59898,84954,2271038,1,811,1,0,0.0,0,2,0
79239,0,467440,1,690,1,28951,0.365,1,0,0
92625,0,339839,1,701,1,24993,0.27,0,2,0
3000,0,69275,0,560,2,17272,5.757,1,2,1
87579,44170,673923,1,633,2,0,0.0,1,0,0
5000,889,1964891,1,762,1,0,0.0,1,1,0
37290,12518,6346069,0,598,1,46120,0.926,0,2,1
78237,0,2215952,1,726,2,23377,0.299,0,2,0
149266,0,7545292,1,666,2,0,0.0,0,0,0
57893,0,461125,1,788,1,0,0.0,1,1,0
90460,31468,1975833,1,657,2,32012,0.263,0,2,0
3000,0,803228,1,675,2,26640,8.88,0,0,1
27595,3572,4112244,1,672,3,36987,1.187,1,1,1
6348,0,6681444,1,713,3,27510,4.334,0,0,1
70367,0,9662481,1,680,2,32079,0.456,0,0,0
13036,3627,1753165,1,616,3,31406,1.885,1,1,1
39715,0,3547851,1,734,1,6025,0.152,1,0,0
47474,0,1251789,1,639,1,28633,0.603,0,0,0
8343,0,1337870,1,645,3,22877,2.742,1,0,1
25098,0,5406207,1,644,1,0,0.0,0,1,0
88024,0,2107245,1,606,2,44230,0.502,1,2,0
64266,0,5297379,1,676,2,2129,0.033,1,0,0
18689,0,433272,1,636,2,28542,1.527,0,0,1
18715,3615,7823773,1,704,1,20285,0.908,0,2,1
12751,0,1909417,1,733,3,14237,1.117,0,1,1
21744,34022,603278,1,672,1,27042,0.485,1,1,0
60739,0,386677,1,734,1,3328,0.055,0,1,0
4891,4430,303506,0,597,3,591,0.063,0,1,0
63247,7593,1207744,0,552,1,15284,0.216,0,2,0
37434,0,172916,0,641,1,6710,0.179,0,0,0
26101,0,332724,1,695,0,0,0.0,0,0,0
26186,0,181219,1,642,1,12875,0.492,0,0,0
38286,14288,674466,1,683,1,32146,0.611,0,1,0
3000,0,7782222,0,564,2,0,0.0,0,2,1
83264,91286,518900,0,522,1,0,0.0,0,1,0
33075,0,1981191,0,568,1,8120,0.246,0,1,0
90515,0,5657331,0,551,2,16542,0.183,0,2,1
79125,0,1263218,1,711,1,19628,0.248,0,0,0
44700,0,3690921,1,654,2,0,0.0,0,0,0
69520,0,175079,1,740,1,28590,0.411,0,0,0
82078,113952,4941593,1,683,2,31726,0.162,0,1,0
54662,0,263722,0,580,1,5112,0.094,0,1,0
29035,0,3489330,1,704,1,0,0.0,0,2,0
45863,69187,1095602,1,652,2,18909,0.164,0,1,0
82034,0,326328,1,623,1,3208,0.039,0,2,0
77573,106595,9201199,1,657,1,26084,0.142,0,0,0
53917,0,8070591,0,662,1,57073,1.059,0,2,1
53275,21935,690038,1,664,1,25580,0.34,0,0,0
25232,0,180515,1,678,1,36558,1.449,1,0,0
3345,0,65224,0,529,3,37853,11.316,1,0,1
23065,0,2214884,1,635,1,26355,1.143,0,1,0
58019,0,5582155,1,609,1,2412,0.042,1,0,0
10922,14292,498240,1,657,1,16224,0.643,0,1,0
17204,0,1297315,1,625,3,205,0.012,0,2,0
31741,0,448837,0,575,2,0,0.0,0,2,0
29358,17446,4609632,1,704,1,7149,0.153,0,2,0
37976,0,906927,1,617,1,21294,0.561,0,2,1
9510,0,3467561,0,468,3,14181,1.491,1,1,1
38163,33289,140612,0,530,1,67962,0.951,1,0,1
5936,0,3865315,0,593,3,13126,2.211,1,1,1
56150,21889,2529882,1,605,1,0,0.0,0,1,0
44672,10878,5958898,0,586,2,24700,0.445,0,1,1
48502,29774,468504,1,689,2,0,0.0,0,2,0
9289,0,536378,0,553,3,24618,2.65,0,2,1
5000,0,196263,1,640,1,571,0.114,0,2,0
31788,7278,1227711,1,644,1,15014,0.384,0,2,0
60452,0,2693644,1,623,1,3893,0.064,1,0,0
89928,0,586757,1,715,1,60285,0.67,0,1,0
13267,13309,580158,1,646,3,38291,1.441,0,2,0
58219,55846,1773731,1,670,2,41285,0.362,1,2,0
34349,1205,1590182,0,599,1,12462,0.351,0,1,1
28789,10732,133527,1,711,2,29029,0.735,0,1,0
67404,0,199368,1,747,1,0,0.0,0,2,0
56580,0,1084311,1,716,1,23473,0.415,0,1,0
51148,5414,292157,1,669,2,14747,0.261,0,2,0
8522,0,80275,1,722,3,43410,5.094,0,1,1
74437,0,957628,0,555,2,27883,0.375,0,2,0
75000,0,470717,1,790,1,36773,0.49,1,0,0
28635,0,139709,0,604,1,0,0.0,0,2,0
18061,7377,371895,1,649,1,6667,0.262,0,2,0
26767,7561,5448068,1,660,0,0,0.0,0,0,0
25371,14447,4557441,1,609,0,20303,0.51,1,1,0
67152,0,1191071,1,701,2,0,0.0,0,0,0
16035,0,1760791,0,504,1,0,0.0,0,0,1
64258,52425,3945464,1,606,1,33183,0.284,0,1,0
40747,0,8140024,1,723,1,30204,0.741,1,0,0
38720,50295,381143,0,531,1,11155,0.125,0,2,0
35625,9904,961374,0,491,2,0,0.0,0,2,0
119153,0,1768274,0,384,1,0,0.0,1,2,1
77648,0,279140,1,640,2,2305,0.03,0,0,0
74894,60793,362171,0,663,1,0,0.0,0,1,0
45852,0,712798,1,630,1,0,0.0,0,1,0
82095,0,4856445,1,617,1,8233,0.1,0,2,0
9539,0,382554,1,678,0,10718,1.124,0,0,1
27179,0,2846643,1,651,1,0,0.0,0,1,0
3000,0,1632186,1,679,2,12705,4.235,0,0,1
43892,0,386859,0,572,1,32049,0.73,0,2,0
52605,0,816302,1,660,1,30285,0.576,0,2,0
42488,21530,94480,0,572,2,5282,0.083,0,2,0
65997,0,36822,1,721,1,22727,0.344,0,1,0
86670,0,673881,1,627,1,0,0.0,1,0,0
61706,36525,304338,1,690,1,0,0.0,1,1,0
69719,0,5789242,1,669,1,13448,0.193,0,2,0
24431,0,1147638,1,681,0,0,0.0,0,0,0
56612,67190,5868560,1,665,2,0,0.0,0,0,0
67738,0,423550,0,538,1,6760,0.1,0,1,0
59497,0,1092383,0,599,1,1986,0.033,0,2,0
20634,0,7202542,1,820,1,0,0.0,1,1,0
56031,0,712952,1,783,1,11674,0.208,0,0,0
41652,0,144316,1,822,2,38631,0.927,1,2,0
58117,10481,219505,1,730,1,18690,0.272,0,0,1
49289,14357,621904,0,574,1,0,0.0,1,0,0
40668,0,5146217,1,680,1,0,0.0,0,2,0
37447,7380,729007,1,644,1,32893,0.734,0,0,0
51030,59403,76001,0,584,1,11527,0.104,1,0,0
53622,0,456192,1,828,1,18851,0.352,0,2,0
41934,0,765766,1,663,2,12169,0.29,0,2,0
55126,49366,916417,1,698,1,55084,0.527,0,0,0
68466,0,756218,1,670,2,25179,0.368,0,0,0
71067,0,414353,0,586,1,0,0.0,1,1,1
3000,0,2882679,1,643,0,5005,1.668,1,1,1
55041,0,4827338,1,672,1,0,0.0,0,0,1
65389,33483,1865495,1,715,1,34858,0.353,0,2,0
68665,0,930231,0,540,1,14215,0.207,0,2,0
85104,0,4749210,0,530,1,16390,0.193,0,1,1
44299,52074,387132,1,669,1,27401,0.284,0,0,0
112331,0,377248,0,457,2,19844,0.177,0,0,1
82090,0,184882,0,571,2,14639,0.178,0,1,0
18368,7590,452737,1,678,3,39444,1.52,0,0,1
11148,13178,8273447,1,604,1,9185,0.378,1,2,1
22297,25610,103108,1,666,0,5974,0.125,0,0,0
30706,12307,3958440,1,726,1,30416,0.707,1,2,1
22360,21169,226034,1,756,1,8441,0.194,0,1,0
14023,13021,1799951,0,542,3,15999,0.592,1,1,1
32514,21611,320571,1,688,1,17986,0.332,0,0,0
16686,0,1409388,0,621,1,38172,2.288,0,1,1
48928,0,6255718,1,600,1,22190,0.454,0,2,1
46140,11795,95841,1,686,1,9621,0.166,0,0,0
54201,0,648052,1,670,1,777,0.014,0,2,0
19520,10898,142638,0,697,1,0,0.0,0,2,0
40419,33009,366243,1,656,1,47363,0.645,0,2,0
75757,0,7041233,1,726,1,4440,0.059,0,1,0
25044,0,4475993,1,660,1,15505,0.619,0,1,1
35211,0,204907,1,644,1,10122,0.287,1,1,0
30714,0,2988394,1,670,1,37232,1.212,0,0,1
34810,0,713636,1,636,1,0,0.0,0,2,0
50214,36816,4408995,1,701,1,29296,0.337,0,0,0
40922,0,914159,1,702,1,17799,0.435,0,2,0
3000,2120,373297,0,649,2,17873,3.491,0,2,1
52543,38533,224179,1,684,1,29320,0.322,0,2,0
14238,0,580185,0,583,1,32397,2.275,0,0,1
15584,0,1553478,1,685,1,20470,1.314,1,0,1
59470,0,1078150,1,636,1,0,0.0,0,2,0
3000,3362,2333119,1,794,2,42652,6.704,0,2,1
96646,23567,525522,0,496,1,0,0.0,0,2,0
47615,0,1969454,1,796,2,27334,0.574,0,1,0
3000,3028,5165081,1,652,2,8602,1.427,1,2,1
54286,0,2706402,0,585,1,29247,0.539,0,0,1
51235,0,4275362,1,650,2,38054,0.743,1,1,1
45941,0,578007,0,578,2,31598,0.688,1,1,0
5000,0,2915916,1,693,1,0,0.0,1,1,0
12540,13258,693932,1,648,1,3412,0.132,0,0,0
36122,0,4125531,1,616,2,0,0.0,1,2,0
58076,0,261994,1,731,2,0,0.0,0,1,0
0,0,1723577,0,579,3,33083,33083.0,0,0,1
15141,0,267459,1,669,0,0,0.0,0,1,0
30953,0,6156409,1,632,1,26039,0.841,0,2,1
7230,0,127822,0,548,3,12081,1.671,1,2,1
46036,10716,857370,1,633,1,32430,0.571,0,0,0
0,0,383360,1,725,3,38342,38342.0,0,1,1
18405,952,1588235,1,804,1,34478,1.781,1,2,1
54825,54048,3630508,1,716,1,40688,0.374,0,0,0
25418,0,272096,1,613,1,16682,0.656,1,0,0
30636,0,58160,1,702,1,16134,0.527,0,1,0
75845,72857,3053789,1,676,1,12172,0.082,0,1,0
84800,0,422225,1,650,1,18555,0.219,1,0,0
19830,0,399139,1,698,2,0,0.0,1,0,0
6877,0,1957130,0,475,3,44387,6.454,0,1,1
3423,0,9434419,1,734,0,35264,10.302,1,2,1
73489,0,7590,0,557,1,0,0.0,1,1,0
97012,0,201885,1,664,1,12001,0.124,0,2,0
0,0,367193,0,562,3,4604,4604.0,0,1,1
5036,0,363559,0,580,3,1729,0.343,1,1,1
37674,17208,487715,1,732,2,0,0.0,1,2,0
41296,23539,226276,1,659,1,31140,0.48,0,2,0
86422,0,1975288,1,668,1,15978,0.185,0,1,0
53243,0,595022,1,810,1,11131,0.209,1,2,0
42283,0,1417993,0,576,1,10684,0.253,0,2,1
35348,0,2223348,0,500,0,47907,1.355,0,1,1
10796,8452,3819853,1,678,1,0,0.0,1,2,0
8903,2523,572078,1,697,0,31066,2.719,0,0,1
4003,0,449361,1,705,3,33721,8.424,0,2,1
45015,0,1191790,1,623,2,0,0.0,1,0,0
21575,15116,8117329,1,684,1,25601,0.698,0,0,0
31483,0,94415,0,550,3,730,0.023,0,0,0
12347,0,303075,1,650,1,0,0.0,0,1,0
25159,0,991991,1,625,0,28689,1.14,0,2,1
80767,0,198463,0,658,1,14976,0.185,1,0,0
3000,1930,1885970,1,606,2,0,0.0,0,2,0
50558,64583,881839,1,795,1,32970,0.286,0,1,0
54674,0,4867180,1,769,1,48836,0.893,0,0,1
62190,0,1028850,1,602,1,26918,0.433,0,2,0
41951,0,485996,0,579,1,0,0.0,0,2,0
38503,11079,517802,1,723,1,0,0.0,0,1,0
35213,18371,706977,1,669,1,4745,0.089,0,1,0
75078,0,1488911,1,671,2,19068,0.254,0,2,0
38711,8422,515562,0,564,1,16825,0.357,0,0,0
77753,0,5886175,1,687,1,4198,0.054,1,2,0
68088,0,7308695,1,737,2,21568,0.317,0,1,0
12412,0,1383687,1,749,2,0,0.0,1,2,0
24306,0,3400097,1,771,3,43090,1.773,1,2,1
11375,4842,131710,1,649,2,5443,0.336,1,2,0
18608,9732,2111719,1,656,2,0,0.0,0,2,0
7541,7130,1397148,1,760,3,17594,1.199,0,0,0
13730,0,449488,1,662,3,20957,1.526,1,1,1
22082,0,10557792,1,692,1,2969,0.134,0,2,0
49714,0,1070118,1,632,2,17806,0.358,1,1,0
8017,0,687424,1,605,3,12057,1.504,0,0,1
32402,0,4309249,0,562,1,0,0.0,1,0,0
24982,0,973074,1,671,1,13139,0.526,1,0,0
90164,0,348360,1,752,1,21028,0.233,0,0,0
34677,27354,918290,0,553,2,14986,0.242,0,1,1
15020,0,841626,0,535,1,0,0.0,1,0,0
60014,0,4345314,1,717,1,8814,0.147,0,1,0
20054,0,3827883,1,645,1,9757,0.487,0,2,1
69705,51408,263297,1,710,1,49678,0.41,0,0,0
55140,0,3100027,0,593,1,54583,0.99,1,0,1
53422,0,3481304,1,635,1,22221,0.416,1,2,0
12853,11343,1172373,0,534,2,13719,0.567,0,0,1
38993,32908,4880220,1,752,1,30898,0.43,0,0,0
49250,0,1018908,1,610,2,1705,0.035,0,2,0
81622,0,433449,0,700,2,32805,0.402,0,0,0
68331,0,1269244,1,662,1,34170,0.5,0,2,0
77543,0,6475980,0,597,1,29239,0.377,0,2,1
54712,39651,2713574,1,653,1,17866,0.189,0,1,0
38159,0,3297733,0,542,1,8673,0.227,0,2,1
0,0,2387382,1,629,3,0,0.0,0,0,0
19274,0,333048,1,679,1,15250,0.791,0,2,0
40421,0,193923,0,534,1,2162,0.053,1,2,0
40475,0,1077529,0,517,2,38330,0.947,0,2,1
48554,51035,429966,1,621,1,5995,0.06,0,2,0
3000,805,546702,1,679,2,2974,0.782,0,0,0
5792,2637,431628,1,605,3,7094,0.842,0,0,1
78837,0,561977,1,715,1,28402,0.36,1,1,0
56692,0,6888912,1,753,2,10848,0.191,0,0,0
3000,0,594120,1,657,2,14777,4.926,0,2,1
15176,0,487578,0,549,0,33186,2.187,1,2,1
30038,0,6067449,0,597,2,26055,0.867,0,1,1
3000,0,34796,1,611,2,0,0.0,0,0,0
14348,0,515943,0,557,2,42536,2.965,0,2,1
3000,0,283854,1,669,2,0,0.0,1,0,0
46175,0,59061,0,596,1,0,0.0,1,0,0
12088,0,383939,0,412,3,31347,2.593,0,2,1
42038,0,521054,1,649,1,37763,0.898,1,2,0
3713,1352,10515391,0,689,3,17494,3.454,0,1,1
12895,0,502425,1,675,0,31045,2.408,0,0,1
10802,7696,666512,0,654,0,0,0.0,0,0,0
20219,0,553172,1,878,1,11578,0.573,0,0,0
79030,0,625373,0,528,1,30140,0.381,1,0,1
43508,0,815784,1,630,1,59159,1.36,0,2,0
104181,16224,1025968,1,640,1,33298,0.277,0,1,0
22391,25423,303999,0,522,0,7003,0.146,0,0,0
45999,38401,5933045,1,731,2,0,0.0,0,2,0
109092,0,375452,1,774,2,24171,0.222,1,0,0
134441,0,196042,1,663,2,0,0.0,0,1,0
53719,0,265748,1,838,1,43022,0.801,0,1,0
95823,51850,450841,0,542,1,36364,0.246,1,0,0
26394,0,910746,1,689,1,0,0.0,0,1,0
34732,0,10026620,0,491,1,0,0.0,1,2,1
12269,8135,338991,1,750,0,0,0.0,0,0,0
6155,3100,1752610,1,676,0,15792,1.706,0,2,1
53006,11935,2667866,0,532,1,14769,0.227,0,1,0
94275,0,979574,1,670,1,11013,0.117,0,1,0
21150,0,994097,1,703,0,40326,1.907,1,0,0
98157,0,5768,1,677,1,41117,0.419,0,2,0
34929,26627,102316,1,638,2,23620,0.384,1,0,0
18182,0,3776818,1,732,3,8775,0.483,0,1,1
56676,0,4894153,1,647,2,0,0.0,0,0,0
45176,0,43842,1,636,1,0,0.0,1,1,0
79902,0,467709,0,568,1,61118,0.765,1,1,0
61141,0,6152578,1,643,1,31149,0.509,0,2,1
89800,0,182452,0,618,1,19918,0.222,0,2,0
116528,14601,6932160,0,488,2,20645,0.157,0,1,1
3000,0,1400685,1,688,2,9551,3.184,0,1,0
75390,0,874983,1,637,1,47011,0.624,0,0,0
55631,38073,2808069,1,688,1,6535,0.07,0,0,0
80164,71724,29499,0,599,2,0,0.0,0,2,0
75547,0,510894,1,627,1,28554,0.378,1,0,0
92795,0,3063344,1,757,1,24427,0.263,1,2,0
19389,0,331376,1,666,1,32898,1.697,0,0,1
59767,52224,4330922,1,710,2,20640,0.184,0,1,0
7866,0,1806044,1,703,3,25069,3.187,0,1,1
62859,0,1960415,1,641,1,12209,0.194,0,1,0
50746,29407,238550,1,612,2,42381,0.529,0,1,0
69245,0,2659802,0,582,2,11891,0.172,0,2,0
56495,0,625394,1,695,1,36433,0.645,1,2,0
5737,0,4849803,1,627,3,13581,2.367,1,1,1
66708,0,374775,1,732,1,43238,0.648,0,2,0
35458,0,3957425,0,589,0,5861,0.165,0,0,0
54718,0,8961197,0,529,2,0,0.0,0,0,1
42178,0,2663585,1,755,1,16842,0.399,0,2,0
51609,36593,936890,0,579,1,27624,0.313,1,0,1
17143,13432,1324777,0,530,2,9326,0.305,0,1,1
5000,0,219509,1,735,1,0,0.0,0,0,0
32611,0,4829102,0,539,1,25727,0.789,0,2,1
3000,3686,5327522,1,617,2,24916,3.727,0,2,1
0,0,6829828,1,755,3,24814,24814.0,0,1,1
32249,12537,1776475,1,704,1,0,0.0,0,2,0
25914,10895,3781668,0,640,1,0,0.0,0,1,1
18251,17732,444990,1,721,2,3570,0.099,0,2,0
69783,0,30428,1,661,2,0,0.0,0,2,0
2214,1653,140856,0,560,3,49929,12.912,0,1,1
92230,0,424989,1,627,1,41358,0.448,1,2,0
40030,8909,9148298,0,584,1,20151,0.412,1,2,1
48033,0,479910,1,632,1,3946,0.082,0,2,0
40677,34003,8649337,1,762,1,0,0.0,1,2,0
26860,0,697228,1,779,2,16527,0.615,0,0,0
69020,0,275911,1,656,2,15881,0.23,1,2,0
66993,0,207047,1,685,2,26919,0.402,0,1,0
13972,11575,9171930,1,660,1,24400,0.955,0,1,1
55894,0,559160,0,668,2,30970,0.554,0,2,1
70195,0,784403,1,729,1,29684,0.423,1,0,0
0,0,3416291,1,689,3,0,0.0,0,0,0
89759,0,5502850,1,677,2,41096,0.458,1,1,0
59710,0,4045,1,659,1,1836,0.031,0,0,0
64676,38975,3057905,1,635,1,34852,0.336,1,1,0
63686,0,113088,1,633,1,34500,0.542,0,0,0
46995,0,57952,1,633,1,19913,0.424,1,2,0
68940,0,132413,0,607,1,31453,0.456,0,2,1
62580,0,1845398,1,664,1,0,0.0,0,1,0
5000,920,2833582,1,802,1,34661,5.855,0,0,1
51486,0,1098722,0,518,1,18727,0.364,0,1,1
75177,0,9375298,0,587,1,16627,0.221,1,2,0
16768,0,9661036,1,721,3,2361,0.141,0,0,0
11552,2173,345386,1,725,2,0,0.0,1,2,0
58929,0,1041070,1,704,1,57553,0.977,0,2,0
2940,597,329481,1,774,3,31275,8.842,1,2,1
2303,1508,44746,1,643,3,15687,4.116,0,2,0
2428,0,253792,0,506,3,28913,11.908,0,1,1
11317,0,2321391,0,572,2,54557,4.821,0,0,1
53495,0,895399,1,645,1,8091,0.151,0,0,0
8825,2204,1006657,1,680,0,38435,3.485,0,0,1
8375,0,707374,1,614,2,10564,1.261,0,1,1
58108,0,1891012,1,644,1,13756,0.237,0,2,0
38787,0,1366861,1,712,1,14242,0.367,1,2,0
59440,82881,1738913,0,572,2,42397,0.298,0,0,0
43457,0,1993854,1,741,1,0,0.0,1,1,0
56701,0,1298544,0,591,1,0,0.0,1,1,0
23250,18745,9865621,1,632,2,4603,0.11,0,1,0
7918,0,912696,1,688,3,4724,0.597,1,1,1
10938,3995,2746498,1,639,1,0,0.0,0,1,0
25869,11902,523308,0,548,1,24282,0.643,1,0,0
22605,15371,386597,0,575,1,4445,0.117,1,0,0
84962,110687,736319,1,743,1,41189,0.211,0,2,0
51616,0,2677190,1,648,1,10526,0.204,1,0,0
70615,61592,476551,1,737,2,56866,0.43,0,1,0
50217,0,1054184,1,687,1,0,0.0,0,0,0
0,0,5924575,1,709,3,0,0.0,0,0,0
34926,9509,631694,1,663,1,25479,0.573,0,0,0
100864,0,9750951,1,654,2,23298,0.231,1,2,0
50038,75654,8015477,1,798,1,13943,0.111,0,2,0
77437,0,65613,0,571,1,8829,0.114,0,2,0
11152,4450,1979239,0,507,3,22496,1.442,0,1,1
120034,0,470846,1,685,1,19794,0.165,0,1,0
45933,0,367716,1,612,1,37692,0.821,0,0,0
34788,0,3871288,1,638,1,16510,0.475,1,1,1
99088,72736,256117,1,770,1,19698,0.115,0,0,0
54139,0,6285569,0,552,1,11650,0.215,0,0,1
3000,0,634498,0,589,2,42586,14.195,0,0,1
50257,0,57427,0,636,0,13587,0.27,0,2,0
1710,1003,386313,1,646,3,8856,3.264,0,0,1
81288,0,64342,1,669,1,6115,0.075,0,0,0
8706,6125,1982926,1,785,1,39936,2.693,0,2,1
209,63,499926,1,622,3,32530,119.596,0,2,1
16763,6071,2512038,1,626,0,26831,1.175,1,0,1
42106,0,4931102,1,761,1,13998,0.332,1,1,0
3000,0,254919,1,657,2,24385,8.128,0,1,1
95267,0,1164541,1,677,2,0,0.0,1,0,0
30909,21250,250486,0,564,2,7213,0.138,1,0,0
69831,16690,105491,1,670,1,57054,0.659,0,0,0
48690,0,1579267,1,664,2,18321,0.376,1,2,0
51270,35068,319300,1,656,1,45081,0.522,0,0,0
3000,0,127979,1,715,2,30262,10.087,0,2,1
25376,8642,2500484,1,624,1,15996,0.47,0,2,1
66095,0,3284214,1,754,1,31306,0.474,0,2,0
33616,22791,1468905,1,749,1,46247,0.82,0,2,1
3348,3409,117903,0,506,3,55940,8.279,0,2,1
81865,20141,1660126,1,655,1,25028,0.245,1,0,0
96307,46348,5503587,0,533,1,7102,0.05,0,0,0
10149,3998,88110,1,722,3,9404,0.665,0,1,0
7908,0,409762,1,760,3,39924,5.049,0,0,1
40422,0,1757895,0,541,1,34557,0.855,1,2,1
48363,0,2662877,1,652,1,19289,0.399,1,2,0
48907,0,2434670,1,609,1,18278,0.374,0,1,0
12151,0,631576,1,835,3,35730,2.94,0,0,0
7986,0,298129,0,614,2,3831,0.48,1,2,1
59545,0,531994,0,565,1,32184,0.54,0,1,0
99638,68932,510254,1,633,1,13433,0.08,0,1,0
84244,0,352679,1,753,1,0,0.0,0,1,0
47412,0,44516,1,648,1,10936,0.231,0,1,0
75261,0,5747469,0,577,1,24443,0.325,1,0,0
12793,0,5540788,0,586,3,0,0.0,0,1,1
5000,0,7883280,1,676,1,0,0.0,0,1,0
59589,69774,8972247,1,686,2,0,0.0,0,2,0
55914,0,1084953,0,537,1,40251,0.72,0,1,1
20226,0,563268,1,609,1,0,0.0,1,1,0
22520,29702,235608,0,484,1,0,0.0,1,0,0
59945,0,823945,1,642,2,19098,0.319,0,1,1
20956,23075,217852,1,758,1,18476,0.42,0,1,0
115061,74093,9259757,1,617,1,0,0.0,0,0,0
59208,0,1506393,1,653,1,23693,0.4,0,2,0
5000,0,261997,1,708,1,4839,0.968,1,2,1
5000,1537,442684,1,752,1,34621,5.296,0,2,1
19185,0,2416240,1,711,1,31898,1.663,1,0,1
45095,0,350079,1,766,1,27686,0.614,0,0,0
8925,0,1721353,0,529,3,4276,0.479,0,2,1
61095,0,2752679,0,669,1,0,0.0,0,2,1
33599,0,2611631,1,735,1,22250,0.662,0,1,0
49117,64281,149066,1,682,1,8703,0.077,0,2,0
41843,0,406590,1,689,1,42630,1.019,0,2,0
23964,0,2712476,1,656,2,7159,0.299,1,0,0
63440,0,6880832,1,605,1,29948,0.472,0,1,0
20617,0,165102,1,834,1,10146,0.492,0,1,0
32059,0,109233,0,571,1,4324,0.135,0,2,0
3112,2771,2962144,0,456,2,10932,1.858,1,0,1
29171,0,2565963,0,526,1,19148,0.656,0,2,1
29695,17238,4236533,0,525,1,18735,0.399,0,2,1
76177,0,390269,1,747,1,0,0.0,0,0,0
3229,0,505726,1,735,3,20380,6.312,0,0,1
5000,0,887178,1,711,1,7465,1.493,0,2,1
54162,2787,970000,1,663,1,0,0.0,0,2,0
48627,0,4840054,1,677,1,16390,0.337,0,2,0
39608,0,520343,1,759,2,35553,0.898,1,2,0
43156,0,360334,1,615,1,16538,0.383,0,1,0
64772,0,4772303,0,527,2,16606,0.256,0,0,1
71369,0,192568,1,699,1,29153,0.408,1,2,0
62037,0,420976,1,726,1,42377,0.683,0,1,0
3000,0,5727933,0,672,2,26587,8.862,0,0,1
40076,0,2656618,0,521,1,42495,1.06,0,1,1
16046,10831,1501825,0,584,3,63063,2.346,0,2,1
44427,33852,7045979,1,600,0,35834,0.458,0,2,0
60349,0,293884,1,672,1,0,0.0,0,0,0
69204,85053,440740,0,627,1,0,0.0,0,0,1
10478,7665,10904733,1,656,3,38567,2.126,0,2,1
43304,29420,1960869,1,730,2,17040,0.234,0,2,0
10849,0,4211716,1,760,2,38798,3.576,1,1,1
30578,15310,346091,1,612,1,28459,0.62,0,0,0
65575,0,246943,0,598,2,4309,0.066,1,2,0
62308,44691,570690,1,671,1,29011,0.271,0,2,0
25514,7343,1617517,1,713,1,7915,0.241,1,2,0
81025,114582,572652,1,778,1,5228,0.027,0,0,0
38642,0,247667,0,579,2,14179,0.367,0,0,0
68975,0,387813,1,609,1,8319,0.121,0,0,0
19809,0,7258326,1,727,1,11508,0.581,0,2,0
74344,0,7588819,1,662,1,5330,0.072,0,2,0
50670,56850,649884,1,602,1,0,0.0,0,0,0
47514,0,1337874,0,511,2,28026,0.59,0,0,1
3566,1050,1598401,0,576,3,67,0.015,1,0,1
19490,0,351517,1,717,1,29545,1.516,0,2,1
9930,0,4659254,1,653,3,0,0.0,1,2,0
30757,0,548011,0,445,1,0,0.0,0,2,1
25533,0,4129756,1,701,3,0,0.0,1,2,0
60933,29603,2119794,0,528,1,20236,0.224,0,1,0
3000,0,3743959,0,534,2,0,0.0,0,1,1
43630,29027,596245,1,611,2,33784,0.465,0,1,0
45453,0,6008888,0,565,1,710,0.016,0,1,0
9749,2495,172049,0,534,3,41039,3.352,0,1,1
41288,41188,50267,1,623,1,30709,0.372,0,1,0
82795,0,847830,0,580,1,0,0.0,0,2,0
53395,0,318691,1,600,2,22840,0.428,1,2,0
7171,0,9795942,1,670,2,3275,0.457,0,0,0
9252,0,3140496,0,704,2,25046,2.707,1,2,1
38928,0,33933,1,653,2,618,0.016,0,0,0
11129,0,220733,1,762,0,5288,0.475,0,0,0
61964,0,2921221,1,631,1,4233,0.068,0,0,0
17513,0,6353968,1,660,1,0,0.0,0,2,0
17098,7135,954449,1,608,2,0,0.0,0,0,0
65247,0,742204,1,708,1,0,0.0,0,1,0
49909,0,1000545,1,610,1,29822,0.598,1,2,0
99430,54410,270590,0,599,2,20287,0.132,1,2,0
60583,0,179965,1,747,2,10488,0.173,0,1,0
31981,0,6141009,1,705,1,45702,1.429,1,2,1
27670,0,4662707,1,620,1,10515,0.38,0,2,1
42404,0,6987565,1,640,2,35694,0.842,0,2,1
51992,0,8043681,1,696,1,32686,0.629,1,0,0
72699,0,1149509,0,598,1,0,0.0,1,0,0
9403,0,6933608,0,700,1,20605,2.191,0,1,1
31774,12533,701014,0,559,1,0,0.0,0,0,1
33233,0,133945,1,696,1,58478,1.76,0,1,0
18099,16546,6750040,0,591,0,8457,0.244,0,0,0
107782,0,342613,1,739,1,9101,0.084,1,1,0
80003,24369,530982,1,641,1,10664,0.102,0,1,0
51570,0,1095468,1,621,1,34401,0.667,0,2,1
3000,0,890459,1,806,0,14973,4.991,0,0,1
83774,55253,454655,1,626,1,68806,0.495,0,1,0
33360,0,867548,0,627,2,0,0.0,0,1,0
5723,0,796343,1,800,1,3432,0.6,0,1,1
26138,0,745409,1,644,0,35626,1.363,0,1,1
64480,68574,313800,1,705,2,0,0.0,1,1,0
58443,62141,8421845,0,584,2,20769,0.172,0,0,1
53961,0,2494590,1,701,1,43897,0.813,1,1,1
5000,0,9228303,1,715,1,15384,3.077,0,2,1
5631,0,152760,1,710,1,43385,7.705,0,0,1
16623,7132,3014822,1,612,1,23541,0.991,0,1,1
22266,0,10243165,0,576,1,0,0.0,0,1,1
39475,25106,636577,1,628,1,0,0.0,1,0,0
50729,0,11722952,0,682,1,0,0.0,1,2,1
61018,0,1288244,1,687,1,0,0.0,1,1,0
3000,0,9711138,1,609,2,0,0.0,0,0,1
48064,9021,170343,1,682,2,18631,0.326,0,0,0
40941,27221,301774,0,577,2,50145,0.736,1,1,1
30644,0,6352787,1,654,1,21117,0.689,1,1,1
38936,0,1695624,1,654,2,9766,0.251,0,1,0
61425,14769,290764,1,765,2,4537,0.06,0,2,0
8740,11944,5582518,0,565,3,19750,0.955,0,0,1
21341,0,145433,1,627,1,23333,1.093,0,1,1
21753,0,547222,0,477,3,33587,1.544,0,1,1
101269,16741,555793,0,586,1,30476,0.258,0,1,0
10534,0,492774,0,599,1,0,0.0,0,1,1
37382,0,922024,0,521,1,0,0.0,0,2,0
9241,0,768491,0,496,2,37778,4.088,1,0,1
48594,27528,677857,1,684,1,0,0.0,0,0,0
45309,8806,2593523,1,781,0,1596,0.029,1,1,0
43673,0,205068,1,763,1,44177,1.012,0,2,0
64803,0,636331,1,647,1,0,0.0,0,2,0
46825,56408,27857,1,734,1,32381,0.314,0,1,0
40674,19359,6889379,1,672,1,24911,0.415,0,2,1
79441,0,6441500,1,653,1,24206,0.305,0,0,1
53967,23830,418667,1,601,1,20237,0.26,0,2,0
28387,20136,304419,1,629,1,0,0.0,0,2,0
8582,0,7372279,1,628,2,0,0.0,0,2,0
14562,0,86823,1,742,0,20340,1.397,0,0,0
58378,0,3465702,1,624,0,55898,0.958,1,1,1
80035,5801,309132,0,599,1,6931,0.081,0,1,0
34129,23166,200481,1,603,1,35932,0.627,0,0,0
33618,19475,627238,1,667,0,11637,0.219,1,2,0
46855,0,4409203,1,605,1,0,0.0,1,2,0
57521,0,1033358,1,735,1,27301,0.475,1,2,0
101807,0,580746,0,612,1,42931,0.422,0,2,0
3000,0,1208385,1,653,2,20236,6.745,0,1,1
8902,2227,1358253,1,682,3,4964,0.446,0,2,0
29695,15293,5751290,0,422,2,13712,0.305,0,1,1
79450,0,903670,1,608,1,33509,0.422,0,2,0
85676,0,1500755,0,591,1,8928,0.104,0,0,1
23223,0,10403152,1,612,1,23321,1.004,0,0,1
65529,0,8701361,1,615,2,23361,0.356,1,0,0
34792,0,85849,1,733,2,34321,0.986,0,0,0
5000,0,1043137,1,605,1,22809,4.562,0,1,1
67110,0,2160131,0,630,1,24460,0.364,0,1,1
34849,0,357854,1,686,2,18305,0.525,1,2,0
60489,0,4623005,0,576,1,0,0.0,0,2,0
13958,0,1277509,1,688,3,0,0.0,0,2,0
3000,0,2658565,1,706,2,28929,9.643,1,0,1
59902,10247,4743237,0,595,1,0,0.0,0,1,1
54248,0,7766520,1,717,1,12404,0.229,0,0,0
12797,0,654339,0,508,3,0,0.0,0,1,0
28185,0,177200,1,611,1,28508,1.011,0,1,0
49052,45539,405513,1,755,1,27080,0.286,0,2,0
66393,0,1341680,1,729,2,30931,0.466,0,1,0
6680,5184,2278065,0,512,3,5365,0.452,0,0,1
28608,7325,4876962,1,721,0,26842,0.747,0,1,0
82610,55939,478918,1,710,1,0,0.0,0,2,0
37316,25282,398719,1,685,1,35800,0.572,0,1,0
12599,0,5460645,1,626,3,19150,1.52,1,0,1
80026,0,3991560,1,783,1,15023,0.188,0,2,0
28471,28115,124503,1,682,2,14887,0.263,0,2,0
55208,47968,465502,1,648,1,0,0.0,0,0,0
85359,0,6423149,1,772,2,0,0.0,0,2,0
74998,0,3835914,0,624,1,44064,0.588,0,2,1
102829,100725,3862262,1,602,1,9937,0.049,0,2,0
5000,0,472284,0,579,1,16709,3.342,1,1,1
90499,0,871771,1,667,1,40715,0.45,0,1,0
99242,6607,6583958,1,604,1,17510,0.165,0,2,1
3000,0,407217,1,647,2,13119,4.373,1,0,1
3000,0,5733567,1,633,2,1487,0.496,1,1,0
22701,14427,1880936,1,665,1,24519,0.66,1,2,0
53357,0,320658,1,667,1,9863,0.185,0,0,0
9931,0,2467724,1,672,1,0,0.0,0,1,0
62873,0,259852,1,742,1,0,0.0,0,0,0
48262,0,546191,1,775,1,27903,0.578,0,1,0
53971,52582,275296,1,658,2,25701,0.241,0,1,0
68419,0,1008160,1,696,1,2145,0.031,0,2,0
102809,59850,1334421,1,724,1,0,0.0,0,2,0
50441,31805,494945,1,743,1,20976,0.255,0,1,0
77614,83175,1299462,0,580,1,50115,0.312,0,2,0
78409,0,9903107,1,661,2,32780,0.418,0,0,1
8321,0,190224,1,604,2,4453,0.535,0,2,0
3000,1028,692188,1,646,2,0,0.0,0,2,0
5000,0,669144,0,587,1,30566,6.113,0,2,1
52598,57760,342569,1,609,1,5752,0.052,0,2,0
1911,0,77848,1,640,3,44703,23.392,1,2,1
5209,1393,1342198,1,712,3,44745,6.777,1,1,1
15160,7051,1618620,0,578,3,15201,0.684,0,2,1
25628,2827,256920,0,569,1,17805,0.626,1,1,0
77996,0,548070,1,756,1,245,0.003,0,2,0
30000,0,58772,1,622,2,727,0.024,1,1,0
60282,0,664206,1,703,1,28468,0.472,0,2,0
31182,37120,23769,1,714,1,23897,0.35,1,1,0
12969,3095,8786829,1,708,3,0,0.0,1,1,0
96967,0,1496024,0,761,1,36988,0.381,0,2,1
35588,0,528407,1,721,1,0,0.0,1,1,0
16131,14521,18931,0,556,1,27698,0.904,1,1,0
10540,0,1718056,1,680,3,49197,4.668,0,0,1
31813,0,55917,1,634,1,43764,1.376,0,0,1
3902,0,6593067,0,577,3,0,0.0,0,2,1
15174,0,5909746,1,640,3,12575,0.829,0,2,1
70996,0,6457503,1,732,1,0,0.0,1,0,0
50871,0,331287,0,591,1,0,0.0,0,1,0
17622,0,59800,1,743,3,20008,1.135,0,1,1
105075,0,336162,1,652,1,0,0.0,0,0,0
42713,0,199429,1,709,1,0,0.0,1,0,0
45583,0,2296935,1,717,1,0,0.0,0,0,0
50430,0,519460,1,694,1,0,0.0,0,0,0
18017,10373,7354427,1,763,3,28857,1.016,0,1,1
78566,0,9887624,1,701,1,14930,0.19,0,1,0
3000,0,1676734,1,714,2,24505,8.168,0,1,1
0,0,3502974,1,608,3,17822,17822.0,0,2,1
35655,19293,683574,1,622,2,0,0.0,0,1,0
3000,0,474974,1,646,2,24375,8.125,1,1,1
71637,0,7474756,1,642,1,9606,0.134,1,2,0
29975,20075,8784496,1,760,1,0,0.0,0,2,0
51809,0,363749,0,542,1,57991,1.119,0,0,1
58515,43835,260024,1,712,1,0,0.0,0,1,0
68154,70449,528736,0,555,2,28543,0.206,0,1,0
44822,0,8980982,1,603,1,23386,0.522,0,2,0
77674,35048,438177,0,560,1,18519,0.164,1,1,0
3000,0,3322443,1,601,2,0,0.0,0,2,0
43256,0,1752876,1,793,1,0,0.0,0,0,0
67156,0,317643,1,673,2,57133,0.851,0,1,0
48029,0,831942,0,593,1,39997,0.833,0,2,1
28009,0,511424,1,635,1,0,0.0,0,2,0
69574,69036,85093,1,643,1,11354,0.082,1,0,0
27230,0,1088380,0,591,1,20896,0.767,1,0,1
47834,19044,335637,1,729,1,1746,0.026,0,0,0
69593,0,6160309,1,620,1,0,0.0,0,0,0
7721,0,1216412,1,674,3,16595,2.149,1,2,1
54934,72702,185668,1,752,1,0,0.0,0,1,0
45273,0,466701,0,623,1,14152,0.313,1,2,1
48104,0,1109879,1,677,1,0,0.0,1,1,0
39561,0,1300406,0,565,1,45217,1.143,0,1,1
20614,5458,1536279,1,776,3,24152,0.926,1,2,1
22619,2140,6815912,1,606,1,66269,2.677,1,0,1
47315,0,926370,1,696,1,36110,0.763,0,0,0
12826,0,341082,1,684,2,39181,3.055,0,1,1
39467,0,441185,1,624,1,932,0.024,0,0,0
33973,0,617218,0,607,2,20194,0.594,0,2,1
22257,0,6052518,1,749,1,0,0.0,0,1,0
97389,0,3317479,1,615,1,7725,0.079,0,1,0
51826,0,4939695,0,583,1,18624,0.359,1,2,1
65320,0,159542,1,610,1,26947,0.413,0,1,0
53294,55261,415825,0,653,1,31254,0.288,1,2,0
25858,13554,275311,1,623,1,24837,0.63,1,0,0
35114,0,855545,1,702,1,23050,0.656,0,0,0
60413,0,266403,1,688,1,7924,0.131,0,1,0
58890,0,87357,1,789,1,39747,0.675,0,1,0
40851,28807,213254,1,821,1,7127,0.102,0,0,0
37868,0,6207776,1,628,1,26085,0.689,0,2,1
49228,39783,1484144,0,577,2,20639,0.232,0,2,0
60874,0,748358,1,666,1,21182,0.348,0,0,1
6168,3259,1642230,1,643,3,0,0.0,0,1,0
27464,0,190854,1,740,1,11338,0.413,0,1,0
41635,13330,373421,0,587,2,32710,0.595,0,1,0
26866,0,1480984,1,633,0,82436,3.068,0,0,1
59584,0,186421,0,516,1,4765,0.08,0,0,0
38921,0,86915,1,609,1,0,0.0,1,0,0
13432,0,97602,1,669,3,6723,0.501,0,0,0
3000,0,284721,1,714,2,0,0.0,0,2,0
106490,0,684787,1,639,1,42661,0.401,0,2,0
42701,42393,932831,0,549,1,5853,0.069,1,1,0
70799,0,162912,1,634,2,30628,0.433,0,2,0
30865,0,431752,1,636,1,6605,0.214,0,1,0
89926,0,6334190,1,682,2,0,0.0,0,1,0
70946,0,9640979,1,642,1,39491,0.557,1,0,1
65440,71260,4509778,1,641,1,18618,0.136,0,0,0
40563,0,3787056,1,653,2,26979,0.665,1,1,1
84424,83158,7389405,1,625,2,26882,0.16,0,2,0
23344,0,982018,1,659,2,51447,2.204,0,1,1
64993,0,6341312,1,662,2,0,0.0,1,2,0
24586,42,497456,1,640,2,4458,0.181,1,1,0
38524,0,246883,0,594,1,37487,0.973,0,1,1
40082,0,339798,1,681,1,11571,0.289,0,2,0
4309,2539,4920755,1,633,3,0,0.0,0,0,0
42026,0,19968,1,707,1,14932,0.355,0,1,0
55496,0,277405,0,614,1,24200,0.436,1,0,1
14333,0,539868,0,665,2,25294,1.765,0,2,1
5000,0,704824,1,709,1,8306,1.661,0,1,1
33195,0,235773,0,566,0,60147,1.812,0,2,1
58603,0,2123599,1,636,1,0,0.0,1,0,0
18321,0,3278196,1,682,0,15185,0.829,0,2,0
10141,12632,1278283,1,686,2,22218,0.976,0,2,1
59322,0,301278,0,492,1,0,0.0,1,1,0
66471,0,143751,1,630,1,11925,0.179,1,2,0
9614,0,220451,0,506,3,35307,3.672,0,0,1
50523,15191,215947,1,646,1,0,0.0,1,2,0
25447,0,2593750,1,660,1,16034,0.63,0,0,1
24204,0,122149,1,765,1,3029,0.125,0,2,0
56322,0,744990,1,639,1,34097,0.605,0,2,0
15603,0,1784839,1,620,2,28360,1.818,0,0,1
27580,0,11054290,1,731,1,0,0.0,1,1,0
11552,0,5405347,1,656,3,26747,2.315,0,2,1
48780,0,1808345,1,657,2,0,0.0,1,1,0
58900,57943,3956829,0,557,1,36283,0.311,0,2,1
44877,0,173334,0,587,2,34122,0.76,0,1,0
68909,89060,5353682,1,716,1,12502,0.079,0,2,0
32897,10064,1344796,1,667,1,0,0.0,0,0,0
13013,0,7987729,0,509,1,9795,0.753,1,2,1
60815,65745,762471,1,685,2,0,0.0,0,2,0
47459,0,1377005,0,446,1,7861,0.166,0,1,1
16261,0,6013885,1,774,3,13626,0.838,1,1,1
13714,0,2395460,0,571,2,37477,2.733,0,0,1
31559,0,3626027,1,674,1,12275,0.389,1,2,1
3603,2045,1221311,1,619,3,22143,3.921,0,1,1
61964,0,1068155,1,701,1,9160,0.148,1,1,0
77815,0,483412,0,555,2,0,0.0,0,1,0
75255,0,2144434,1,722,1,21943,0.292,0,0,0
22066,25070,5752191,1,692,3,25271,0.536,1,1,0
45864,0,3689458,0,547,1,7681,0.167,0,1,1
7936,5756,2403209,1,633,3,0,0.0,0,2,0
21740,0,427872,1,757,3,0,0.0,1,0,0
39294,0,647871,1,748,2,27532,0.701,0,2,0
26018,0,1180510,1,776,2,8443,0.325,0,2,0
71852,64248,1034473,1,625,1,33583,0.247,1,2,0
53112,28098,6269592,0,623,2,59007,0.727,1,0,1
79206,0,1001651,0,545,1,0,0.0,0,2,0
31574,0,379635,1,832,1,0,0.0,0,0,0
82347,96616,120172,1,759,1,0,0.0,0,0,0
10667,0,8633990,1,732,3,0,0.0,0,1,0
51930,0,124145,0,501,2,3460,0.067,1,0,1
39222,0,7332649,0,555,1,9199,0.235,1,0,1
5719,0,2718608,1,615,2,7996,1.398,0,1,1
13514,0,723635,1,710,0,7945,0.588,0,0,1
67059,0,203016,1,653,2,0,0.0,1,0,0
5603,2672,1536115,0,547,2,65912,7.965,0,1,1
52590,0,1093264,1,632,2,0,0.0,0,0,0
39728,6542,11510770,0,580,1,32273,0.697,0,2,1
60823,84196,1868862,1,606,1,8245,0.057,0,0,0
57177,0,10157196,1,647,1,27986,0.489,0,0,1
69834,0,440085,1,782,2,3213,0.046,0,2,0
38514,0,203195,1,698,2,0,0.0,0,2,0
74422,50924,2760956,1,685,1,31594,0.252,1,1,0
47829,0,408587,0,552,1,0,0.0,0,0,0
51767,68802,772204,1,632,1,19102,0.158,1,2,0
7533,0,337979,0,756,3,0,0.0,0,1,0
57236,0,230665,1,764,1,41587,0.727,0,0,0
86597,40640,1095183,1,717,1,45243,0.356,1,2,0
43152,0,136852,0,553,2,0,0.0,0,1,1
60475,0,498727,1,714,1,43873,0.725,0,0,0
74058,31724,971018,1,605,1,2628,0.025,0,1,0
97964,0,295232,1,728,2,14633,0.149,0,0,0
18263,0,2657792,0,553,1,35544,1.946,1,1,1
3343,0,2279459,1,702,3,16116,4.821,0,0,1
86867,0,2044818,1,748,1,0,0.0,0,1,0
78308,15905,5538569,1,657,1,34945,0.371,0,0,1
33336,0,1149667,1,650,1,18482,0.554,1,2,0
30265,0,250969,1,693,2,234,0.008,0,1,0
62415,0,169840,1,739,1,10840,0.174,1,1,0
66977,0,5255159,1,723,1,20863,0.311,0,2,0
3727,0,525291,1,697,3,0,0.0,1,2,0
38919,0,644232,0,568,1,0,0.0,0,0,0
22077,0,1595837,1,744,1,24365,1.104,1,2,1
59358,0,4060515,1,853,2,70664,1.19,0,1,1
0,0,4765490,1,697,3,11332,11332.0,0,1,1
79411,75433,5852026,1,622,1,31599,0.204,1,2,0
43248,0,1037169,1,687,2,28449,0.658,0,1,0
9265,0,3320580,1,750,2,10139,1.094,1,0,1
51832,0,13790960,1,685,1,51916,1.002,0,1,1
3570,0,214896,0,483,3,32654,9.147,0,0,1
38591,0,177546,1,642,1,40340,1.045,0,0,0
43309,0,54642,1,809,1,30313,0.7,0,1,0
33435,0,957182,1,654,1,34636,1.036,0,1,1
102440,69074,3314224,1,643,1,0,0.0,0,0,0
26139,17920,283333,1,669,2,0,0.0,0,0,0
36218,0,2709143,1,628,2,0,0.0,0,2,0
56112,30983,4593785,1,735,1,0,0.0,0,2,0
41738,3920,6281960,1,667,1,16765,0.367,0,1,1
107330,33876,7837024,1,648,1,0,0.0,1,2,0
38058,47047,3609128,0,552,1,0,0.0,0,0,1
34903,0,65179,1,673,1,3381,0.097,0,0,0
3000,1891,2521658,1,697,2,16193,3.311,0,0,1
97426,31188,1404100,1,641,1,0,0.0,0,0,0
48361,32787,791415,0,490,1,0,0.0,1,0,1
84079,74796,490718,1,768,2,3156,0.02,0,0,0
34729,11833,500672,0,543,2,18733,0.402,1,2,0
42143,0,95280,0,589,2,28873,0.685,0,2,1
3000,529,462655,1,685,2,3909,1.108,0,2,1
12493,0,2585188,1,605,3,7308,0.585,0,1,1
68684,0,714338,1,641,1,21574,0.314,0,1,0
33645,0,635018,1,692,1,18631,0.554,1,2,0
6710,0,205113,0,575,3,0,0.0,1,0,0
36147,31669,7465106,1,626,1,44990,0.663,0,1,0
45957,0,10806,0,559,1,38146,0.83,1,0,1
6843,5857,47881,1,723,2,43386,3.416,0,1,0
16207,4670,315575,0,543,1,10928,0.523,0,1,0
38875,0,236042,1,700,1,0,0.0,0,2,0
88212,0,3668197,1,687,2,18288,0.207,0,1,0
5000,1976,4479540,0,505,1,43942,6.299,1,1,1
9649,0,5720378,0,518,1,23184,2.403,1,1,1
68112,0,162358,0,574,2,5362,0.079,0,1,0
69866,0,1880986,0,570,1,0,0.0,1,2,0
25258,0,8148838,1,639,1,0,0.0,0,0,0
5736,0,621112,0,537,3,57616,10.045,0,1,1
3000,3334,2492006,1,688,2,25647,4.049,0,2,1
46522,0,184353,1,624,1,3796,0.082,1,2,0
3048,1274,2046524,1,691,3,16905,3.911,1,0,1
33942,0,111128,1,622,1,17473,0.515,1,2,0
56406,16487,576665,1,681,1,0,0.0,1,2,0
3000,2176,2533699,1,656,2,0,0.0,0,2,0
28766,29110,94277,1,661,1,0,0.0,0,1,0
27673,0,616249,1,715,2,15304,0.553,0,1,0
64925,0,420080,1,659,1,58842,0.906,0,0,1
12511,0,178489,0,591,1,0,0.0,0,2,0
87779,1947,724461,0,671,1,54459,0.607,0,0,1
62712,68884,6499378,1,706,1,4031,0.031,0,2,0
43497,0,156576,1,669,1,29365,0.675,0,0,0
58157,0,3709466,1,762,2,8990,0.155,0,0,0
15573,0,301841,0,578,1,47388,3.043,1,0,0
12329,6856,4811735,1,621,1,60191,3.137,0,2,1
30612,0,4525309,1,715,0,27777,0.907,1,0,1
36864,17029,2624740,1,734,1,21791,0.404,1,0,0
27484,13865,4527861,1,763,1,43834,1.06,1,1,1
74560,0,3472716,0,529,1,3555,0.048,1,0,0
34382,25519,10549586,1,796,1,43342,0.724,0,0,1
59566,51348,96861,1,656,1,20851,0.188,1,0,0
3000,4762,424314,1,665,2,13300,1.713,0,1,1
15968,0,171946,0,540,1,21133,1.323,1,1,1
80592,0,160215,1,762,1,34344,0.426,0,2,0
27515,0,715728,1,730,0,23492,0.854,0,2,1
25503,0,519047,1,641,1,42232,1.656,1,0,0
29134,0,4676049,0,467,2,17803,0.611,0,1,1
96080,57875,2701920,1,690,1,20513,0.133,0,1,0
29060,0,977640,1,739,2,32782,1.128,0,0,1
5955,2944,1604286,0,589,1,17959,2.018,0,1,1
61683,35719,4074864,1,618,2,53718,0.552,0,2,0
35040,0,3081876,1,774,1,39242,1.12,0,0,1
58544,0,19264,1,698,1,12495,0.213,1,1,0
54261,0,4190932,1,732,1,0,0.0,0,1,0
9019,7897,6749494,1,707,1,10918,0.645,0,0,1
86710,0,223942,1,640,2,1111,0.013,0,1,0
17298,8547,1413164,0,610,1,12066,0.467,0,1,1
18399,0,1704695,1,695,3,36419,1.979,0,2,1
63106,75427,3391739,1,737,1,4118,0.03,1,2,0
55486,0,1628950,1,675,2,33468,0.603,0,2,0
11649,0,8090176,1,666,3,0,0.0,0,2,0
63883,0,1777496,1,660,1,30332,0.475,0,2,1
56179,50882,872261,1,732,1,0,0.0,0,0,0
36719,0,2925408,1,688,0,15224,0.415,0,1,1
83667,97225,7761827,1,637,2,31072,0.172,0,2,0
67355,0,104056,1,694,1,0,0.0,0,2,0
7943,0,1437237,0,667,0,0,0.0,1,0,0
10823,0,157333,1,612,3,50664,4.681,0,1,1
7903,8399,1534579,0,727,3,34637,2.125,1,2,1
3000,0,414552,0,577,2,0,0.0,0,1,1
83038,0,3761899,1,613,2,18580,0.224,0,1,1
4802,0,1734570,1,627,3,27021,5.627,1,1,1
15740,1491,8747289,1,600,0,23600,1.37,1,2,1
81985,75903,1129441,1,608,1,30633,0.194,1,0,0
19396,0,2676717,1,637,3,35933,1.853,0,0,1
75517,123461,9081038,1,709,1,40483,0.203,0,1,0
67489,0,606873,1,661,1,33473,0.496,1,0,0
25455,9985,824694,1,793,0,12354,0.349,0,0,0
82977,0,331115,1,639,1,0,0.0,0,2,0
7539,0,655922,0,579,3,8940,1.186,0,2,1
3000,177,2965307,1,654,2,0,0.0,0,2,0
64203,0,356311,0,654,2,4984,0.078,0,0,0
80625,0,360841,1,617,1,7144,0.089,0,1,0
19329,11950,4985087,0,579,1,0,0.0,0,1,1
16115,7229,730929,1,735,1,28684,1.229,0,0,1
42404,0,456025,1,693,1,32441,0.765,0,1,0
49540,0,1391088,1,628,2,50699,1.023,0,2,0
20590,0,269155,1,612,1,18395,0.893,0,1,0
66447,0,9079130,1,658,1,50614,0.762,0,2,1
42525,20563,400071,1,642,1,20680,0.328,1,2,0
27598,0,3709628,1,673,2,18822,0.682,1,0,1
57507,0,6692825,1,649,1,18516,0.322,0,0,1
48991,28776,1281344,1,618,1,0,0.0,1,0,0
11652,10947,479663,1,650,2,46291,2.048,0,0,1
124758,0,85179,0,577,1,27996,0.224,1,1,0
64907,0,3186259,1,720,1,32276,0.497,0,1,0
42003,0,1343880,1,716,1,37753,0.899,0,0,1
32975,0,4849437,1,646,1,44653,1.354,1,0,1
53819,66776,6902758,1,694,1,0,0.0,1,2,0
13966,0,483828,1,701,1,16830,1.205,0,2,0
58579,33868,224319,0,603,1,6705,0.073,0,0,0
40224,19089,6818332,0,588,1,36082,0.608,0,1,1
42145,0,870783,1,675,0,37331,0.886,0,0,1
58010,0,741237,1,786,1,2290,0.039,0,1,0
44713,0,5883603,1,707,1,5165,0.116,0,2,0
70886,0,2780228,0,561,1,20102,0.284,0,1,1
24392,11337,301249,1,725,1,34514,0.966,0,1,0
64803,94136,719891,1,679,1,34000,0.214,0,2,0
22938,0,61019,1,690,2,15226,0.664,0,0,0
